"idnum","hs_avg_score"
"0001",2.75
"0002",2.5
"0003",3
"0004",4
"0005",NA
"0006",3
"0007",NA
"0008",2.25
"0009",NA
"0010",3.25
"0011",3.25
"0012",2.5
"0013",2.5
"0014",NA
"0015",2.5
"0016",3.75
"0017",NA
"0018",1.25
"0019",1.75
"0020",NA
"0021",1.33333333333333
"0022",3.25
"0023",3.25
"0024",4
"0025",2
"0026",NA
"0027",2.5
"0028",2.25
"0029",NA
"0030",3.25
"0031",3.25
"0032",NA
"0033",2.75
"0034",NA
"0035",NA
"0036",3.75
"0037",NA
"0038",NA
"0039",3.25
"0040",1.75
"0041",1.5
"0042",2.25
"0043",1.5
"0044",3.75
"0045",3.33333333333333
"0046",2
"0047",NA
"0048",2.25
"0049",4
"0050",NA
"0051",NA
"0052",3.25
"0053",2
"0054",4
"0055",NA
"0056",3.5
"0057",NA
"0058",3.33333333333333
"0059",2.33333333333333
"0060",2
"0061",3.5
"0062",3.25
"0063",3
"0064",3
"0065",NA
"0066",3.75
"0067",NA
"0068",2.25
"0069",NA
"0070",NA
"0071",3.75
"0072",3.5
"0073",NA
"0074",3.75
"0075",NA
"0076",2.75
"0077",2.75
"0078",NA
"0079",NA
"0080",4
"0081",3.25
"0082",NA
"0083",3
"0084",3.25
"0085",3.75
"0086",3
"0087",2.66666666666667
"0088",2.75
"0089",NA
"0090",3.25
"0091",NA
"0092",NA
"0093",2.5
"0094",4
"0095",1.5
"0096",2.5
"0097",3.5
"0098",3.25
"0099",NA
"0100",3.75
"0101",2.75
"0102",NA
"0103",4
"0104",2.5
"0105",3.25
"0106",NA
"0107",1.75
"0108",4
"0109",2.75
"0110",NA
"0111",NA
"0112",3.25
"0113",3.25
"0114",2
"0115",NA
"0116",3.75
"0117",3.5
"0118",NA
"0119",3.25
"0120",NA
"0121",NA
"0122",4
"0123",1.75
"0124",NA
"0125",2
"0126",1.75
"0127",NA
"0128",2
"0129",2.5
"0130",NA
"0131",1
"0132",2.5
"0133",3.5
"0134",NA
"0135",NA
"0136",2.5
"0137",NA
"0138",2
"0139",2.75
"0140",1.5
"0141",4
"0142",2
"0143",2.25
"0144",2.25
"0145",3.66666666666667
"0146",3.5
"0147",NA
"0148",2
"0149",4
"0150",3.25
"0151",3.5
"0152",2.5
"0153",2.25
"0154",2.5
"0155",4
"0156",NA
"0157",2.75
"0158",3
"0159",NA
"0160",2.5
"0161",1.5
"0162",1.75
"0163",4
"0164",NA
"0165",3.25
"0166",3.75
"0167",3.33333333333333
"0168",3.25
"0169",NA
"0170",3.25
"0171",1.33333333333333
"0172",3.5
"0173",2.5
"0174",3.25
"0175",4
"0176",NA
"0177",4
"0178",1.5
"0179",2.33333333333333
"0180",3.25
"0181",1.75
"0182",3.5
"0183",2.5
"0184",2.25
"0185",NA
"0186",NA
"0187",NA
"0188",3.25
"0189",2.33333333333333
"0190",NA
"0191",NA
"0192",1.75
"0193",3
"0194",3
"0195",2
"0196",4
"0197",3
"0198",3
"0199",3.5
"0200",NA
"0201",NA
"0202",NA
"0203",2
"0204",3.25
"0205",4
"0206",2
"0207",3.25
"0208",NA
"0209",4
"0210",3
"0211",2.5
"0212",3.75
"0213",3.75
"0214",NA
"0215",NA
"0216",3.25
"0217",2
"0218",2.5
"0219",2.66666666666667
"0220",NA
"0221",2
"0222",3.33333333333333
"0223",NA
"0224",NA
"0225",3.25
"0226",2.25
"0227",NA
"0228",1.66666666666667
"0229",3.25
"0230",4
"0231",NA
"0232",1.5
"0233",2
"0234",3.5
"0235",3.75
"0236",3.25
"0237",3.5
"0238",NA
"0239",NA
"0240",3
"0241",3.25
"0242",2.5
"0243",3.5
"0244",2.25
"0245",1.5
"0246",NA
"0247",3.75
"0248",NA
"0249",3.5
"0250",3.75
"0251",3.5
"0252",4
"0253",NA
"0254",2
"0255",3.5
"0256",2
"0257",2.33333333333333
"0258",4
"0259",NA
"0260",NA
"0261",2.5
"0262",2.75
"0263",2.5
"0264",3.25
"0265",2.75
"0266",2.75
"0267",1.33333333333333
"0268",3.25
"0269",NA
"0270",NA
"0271",NA
"0272",NA
"0273",3.25
"0274",NA
"0275",1.5
"0276",1.75
"0277",3
"0278",2.5
"0279",NA
"0280",2
"0281",2.5
"0282",2.75
"0283",NA
"0284",3.5
"0285",4
"0286",NA
"0287",2.75
"0288",1.66666666666667
"0289",3
"0290",NA
"0291",3
"0292",3
"0293",1.75
"0294",NA
"0295",NA
"0296",NA
"0297",3
"0298",1.5
"0299",2.5
"0300",NA
"0301",NA
"0302",2.25
"0303",2.75
"0304",2.5
"0305",3
"0306",3
"0307",3.75
"0308",NA
"0309",4
"0310",3.5
"0311",NA
"0312",2.25
"0313",2.75
"0314",NA
"0315",3.75
"0316",3.75
"0317",NA
"0318",2
"0319",3.25
"0320",2.5
"0321",4
"0322",2.75
"0323",3.5
"0324",1.75
"0325",2.5
"0326",3.5
"0327",3
"0328",3.33333333333333
"0329",NA
"0330",NA
"0331",3.25
"0332",2.5
"0333",3.25
"0334",3.25
"0335",NA
"0336",4
"0337",4
"0338",2.66666666666667
"0339",3.75
"0340",NA
"0341",2.5
"0342",NA
"0343",3.33333333333333
"0344",2.5
"0345",3.5
"0346",NA
"0347",2.75
"0348",4
"0349",3.25
"0350",2.75
"0351",2.5
"0352",NA
"0353",NA
"0354",NA
"0355",3.25
"0356",NA
"0357",3.25
"0358",2
"0359",2.5
"0360",3.5
"0361",2.75
"0362",2.5
"0363",2.75
"0364",NA
"0365",2
"0366",3.25
"0367",2.25
"0368",NA
"0369",NA
"0370",2.5
"0371",NA
"0372",NA
"0373",NA
"0374",NA
"0375",NA
"0376",NA
"0377",2.5
"0378",3.25
"0379",3.25
"0380",3.5
"0381",NA
"0382",2.5
"0383",3.5
"0384",4
"0385",3
"0386",3.25
"0387",2.25
"0388",2.5
"0389",3.33333333333333
"0390",1.25
"0391",4
"0392",NA
"0393",3.5
"0394",3.25
"0395",NA
"0396",NA
"0397",4
"0398",NA
"0399",2.75
"0400",NA
"0401",3.5
"0402",3
"0403",2.75
"0404",3.66666666666667
"0405",2.75
"0406",3.33333333333333
"0407",3.75
"0408",NA
"0409",NA
"0410",3.5
"0411",2.25
"0412",NA
"0413",NA
"0414",3.75
"0415",2.5
"0416",3.25
"0417",3.5
"0418",2.25
"0419",2.5
"0420",3
"0421",NA
"0422",NA
"0423",NA
"0424",3.5
"0425",3.75
"0426",NA
"0427",2.75
"0428",NA
"0429",NA
"0430",3.5
"0431",2.25
"0432",NA
"0433",2.5
"0434",3.5
"0435",NA
"0436",2.5
"0437",NA
"0438",2.25
"0439",2.5
"0440",NA
"0441",3
"0442",3.75
"0443",3.25
"0444",2.66666666666667
"0445",NA
"0446",3
"0447",NA
"0448",NA
"0449",3.25
"0450",2.25
"0451",2
"0452",3.25
"0453",3.5
"0454",3.25
"0455",2.75
"0456",3.5
"0457",3.5
"0458",NA
"0459",3.5
"0460",3
"0461",NA
"0462",NA
"0463",2.5
"0464",NA
"0465",3
"0466",2
"0467",NA
"0468",2.25
"0469",2
"0470",3.25
"0471",2.5
"0472",NA
"0473",4
"0474",3.5
"0475",2.75
"0476",2.5
"0477",NA
"0478",2.75
"0479",NA
"0480",2.75
"0481",4
"0482",3.5
"0483",NA
"0484",NA
"0485",NA
"0486",3
"0487",4
"0488",3
"0489",NA
"0490",3
"0491",2.25
"0492",2.75
"0493",2.75
"0494",NA
"0495",3.5
"0496",NA
"0497",3
"0498",2.66666666666667
"0499",NA
"0500",2.5
"0501",3.25
"0502",2.25
"0503",NA
"0504",NA
"0505",NA
"0506",3
"0507",NA
"0508",NA
"0509",2
"0510",3
"0511",3
"0512",2
"0513",NA
"0514",2.33333333333333
"0515",2.75
"0516",2.5
"0517",2.75
"0518",NA
"0519",2.66666666666667
"0520",1.75
"0521",NA
"0522",NA
"0523",1
"0524",2.75
"0525",3
"0526",NA
"0527",4
"0528",NA
"0529",2.25
"0530",4
"0531",3
"0532",3.5
"0533",3.25
"0534",NA
"0535",3.75
"0536",3
"0537",NA
"0538",3
"0539",NA
"0540",1.75
"0541",3
"0542",NA
"0543",3
"0544",2.25
"0545",NA
"0546",4
"0547",2
"0548",NA
"0549",NA
"0550",2.66666666666667
"0551",NA
"0552",2.5
"0553",NA
"0554",2.5
"0555",NA
"0556",3.25
"0557",2.75
"0558",3.25
"0559",NA
"0560",3.25
"0561",NA
"0562",3.75
"0563",2.25
"0564",3
"0565",NA
"0566",NA
"0567",2.5
"0568",3
"0569",NA
"0570",2
"0571",NA
"0572",3.5
"0573",NA
"0574",2.66666666666667
"0575",3.5
"0576",2.75
"0577",2
"0578",3.5
"0579",3.25
"0580",NA
"0581",3.75
"0582",3
"0583",NA
"0584",NA
"0585",NA
"0586",2.33333333333333
"0587",4
"0588",NA
"0589",3.5
"0590",3.25
"0591",1.5
"0592",2.75
"0593",NA
"0594",2.25
"0595",NA
"0596",3.75
"0597",3
"0598",3.5
"0599",2.5
"0600",3
"0601",NA
"0602",3
"0603",2.25
"0604",3.25
"0605",NA
"0606",2.75
"0607",3.25
"0608",NA
"0609",NA
"0610",NA
"0611",2.75
"0612",3
"0613",NA
"0614",2.75
"0615",3.25
"0616",3
"0617",3
"0618",3.25
"0619",2.75
"0620",2.25
"0621",NA
"0622",NA
"0623",NA
"0624",3.5
"0625",3.25
"0626",1.75
"0627",3.5
"0628",1.75
"0629",3
"0630",NA
"0631",2.5
"0632",1.75
"0633",NA
"0634",3.25
"0635",NA
"0636",2.5
"0637",NA
"0638",1.5
"0639",3
"0640",2.25
"0641",4
"0642",1.5
"0643",3.5
"0644",NA
"0645",NA
"0646",1.75
"0647",NA
"0648",1
"0649",2.75
"0650",4
"0651",NA
"0652",3.25
"0653",3
"0654",3.5
"0655",2.25
"0656",3.25
"0657",3.25
"0658",NA
"0659",2.5
"0660",NA
"0661",NA
"0662",2.66666666666667
"0663",1.5
"0664",3
"0665",4
"0666",2.25
"0667",NA
"0668",2.25
"0669",3.5
"0670",NA
"0671",1.75
"0672",2.5
"0673",2.5
"0674",2.33333333333333
"0675",3.5
"0676",1.75
"0677",NA
"0678",1.33333333333333
"0679",2.5
"0680",2.66666666666667
"0681",NA
"0682",NA
"0683",1
"0684",3.5
"0685",2.25
"0686",3
"0687",3
"0688",3
"0689",4
"0690",3
"0691",2.25
"0692",2.66666666666667
"0693",4
"0694",3
"0695",NA
"0696",3.66666666666667
"0697",3.25
"0698",2.25
"0699",3.75
"0700",1.75
"0701",2.75
"0702",3
"0703",NA
"0704",2.75
"0705",2
"0706",NA
"0707",3
"0708",3
"0709",2.66666666666667
"0710",NA
"0711",2
"0712",3.5
"0713",2.75
"0714",2.75
"0715",2.25
"0716",3.25
"0717",NA
"0718",NA
"0719",NA
"0720",4
"0721",3.25
"0722",2.75
"0723",NA
"0724",NA
"0725",NA
"0726",3.75
"0727",3
"0728",2.75
"0729",NA
"0730",NA
"0731",3.25
"0732",NA
"0733",2.5
"0734",NA
"0735",2.75
"0736",NA
"0737",3
"0738",NA
"0739",2.5
"0740",2.75
"0741",2.25
"0742",3
"0743",NA
"0744",3.5
"0745",NA
"0746",NA
"0747",3.25
"0748",2.5
"0749",4
"0750",NA
"0751",2.25
"0752",3.75
"0753",3.5
"0754",2.5
"0755",4
"0756",4
"0757",3.5
"0758",2.5
"0759",3.25
"0760",1.5
"0761",1.75
"0762",3
"0763",NA
"0764",1.75
"0765",NA
"0766",NA
"0767",2.33333333333333
"0768",3.75
"0769",3.25
"0770",NA
"0771",2.33333333333333
"0772",NA
"0773",3
"0774",2
"0775",1.75
"0776",1
"0777",1.66666666666667
"0778",2.25
"0779",NA
"0780",NA
"0781",2.75
"0782",3.5
"0783",3.25
"0784",2.5
"0785",3.75
"0786",1.75
"0787",NA
"0788",2.75
"0789",3
"0790",3
"0791",2.5
"0792",3.25
"0793",2.75
"0794",3
"0795",1.75
"0796",NA
"0797",NA
"0798",NA
"0799",2.25
"0800",3.5
"0801",3
"0802",3.5
"0803",3.75
"0804",NA
"0805",3.25
"0806",NA
"0807",2.75
"0808",3.5
"0809",1.5
"0810",2.5
"0811",NA
"0812",NA
"0813",2.66666666666667
"0814",2
"0815",NA
"0816",3
"0817",3.25
"0818",3.5
"0819",3.25
"0820",NA
"0821",3.75
"0822",1.75
"0823",2.75
"0824",2
"0825",NA
"0826",2.5
"0827",3
"0828",NA
"0829",3.75
"0830",NA
"0831",2.75
"0832",NA
"0833",3.25
"0834",NA
"0835",2.5
"0836",NA
"0837",NA
"0838",NA
"0839",1.75
"0840",NA
"0841",2.5
"0842",3.5
"0843",NA
"0844",NA
"0845",3.5
"0846",NA
"0847",2.5
"0848",NA
"0849",NA
"0850",2.25
"0851",2.25
"0852",3
"0853",3
"0854",NA
"0855",NA
"0856",3.5
"0857",3.33333333333333
"0858",NA
"0859",NA
"0860",3.25
"0861",3
"0862",NA
"0863",3
"0864",NA
"0865",3
"0866",3.75
"0867",2.5
"0868",2.33333333333333
"0869",NA
"0870",3.75
"0871",2.75
"0872",3.5
"0873",3.5
"0874",3.25
"0875",2
"0876",2.25
"0877",3
"0878",3.25
"0879",2.75
"0880",NA
"0881",3.75
"0882",NA
"0883",NA
"0884",3.33333333333333
"0885",3
"0886",3
"0887",3.25
"0888",NA
"0889",3.66666666666667
"0890",NA
"0891",2.33333333333333
"0892",NA
"0893",NA
"0894",3
"0895",NA
"0896",NA
"0897",NA
"0898",3.75
"0899",NA
"0900",NA
"0901",2.66666666666667
"0902",3.75
"0903",2.5
"0904",1.5
"0905",NA
"0906",NA
"0907",NA
"0908",NA
"0909",2.75
"0910",NA
"0911",NA
"0912",NA
"0913",3
"0914",3.25
"0915",2
"0916",NA
"0917",3.25
"0918",NA
"0919",NA
"0920",3.25
"0921",NA
"0922",NA
"0923",2
"0924",1.5
"0925",2
"0926",4
"0927",3.5
"0928",NA
"0929",2.75
"0930",NA
"0931",3.25
"0932",NA
"0933",NA
"0934",NA
"0935",3
"0936",2.5
"0937",3.5
"0938",NA
"0939",NA
"0940",NA
"0941",NA
"0942",2
"0943",3.25
"0944",2.75
"0945",2
"0946",3
"0947",NA
"0948",2.66666666666667
"0949",NA
"0950",3.5
"0951",2.25
"0952",3.75
"0953",NA
"0954",NA
"0955",1.25
"0956",3
"0957",2.5
"0958",2.75
"0959",3.5
"0960",1.75
"0961",NA
"0962",3.25
"0963",3
"0964",3
"0965",NA
"0966",2.25
"0967",3.75
"0968",3.25
"0969",2.75
"0970",NA
"0971",2.75
"0972",3
"0973",3.25
"0974",3
"0975",3
"0976",NA
"0977",4
"0978",NA
"0979",3
"0980",NA
"0981",NA
"0982",3
"0983",NA
"0984",2.75
"0985",2.75
"0986",NA
"0987",NA
"0988",2.25
"0989",3
"0990",2.33333333333333
"0991",NA
"0992",2.5
"0993",2.5
"0994",4
"0995",2.75
"0996",NA
"0997",3.5
"0998",2.25
"0999",NA
"1000",3.25
"1001",2.75
"1002",4
"1003",NA
"1004",3
"1005",NA
"1006",3.25
"1007",NA
"1008",2.75
"1009",NA
"1010",2.5
"1011",3.25
"1012",3
"1013",NA
"1014",1.25
"1015",NA
"1016",3.75
"1017",2.75
"1018",4
"1019",3.25
"1020",3
"1021",2.5
"1022",NA
"1023",2.75
"1024",3
"1025",NA
"1026",2.75
"1027",3.75
"1028",NA
"1029",NA
"1030",2.25
"1031",2.5
"1032",2.75
"1033",3.5
"1034",3.66666666666667
"1035",NA
"1036",3
"1037",3.75
"1038",3.25
"1039",NA
"1040",NA
"1041",3.25
"1042",2.5
"1043",3.25
"1044",2.25
"1045",3.25
"1046",NA
"1047",3
"1048",2
"1049",NA
"1050",3.5
"1051",NA
"1052",3.25
"1053",NA
"1054",3.5
"1055",3.5
"1056",3
"1057",3.33333333333333
"1058",NA
"1059",NA
"1060",2.5
"1061",NA
"1062",1.75
"1063",NA
"1064",NA
"1065",NA
"1066",NA
"1067",3
"1068",1.5
"1069",3.25
"1070",2.75
"1071",2.75
"1072",2.5
"1073",3.75
"1074",2
"1075",NA
"1076",NA
"1077",3
"1078",2.25
"1079",2
"1080",NA
"1081",NA
"1082",3.25
"1083",2.5
"1084",3.25
"1085",3.5
"1086",2.25
"1087",2.66666666666667
"1088",3
"1089",2
"1090",NA
"1091",2.25
"1092",NA
"1093",1.5
"1094",3.5
"1095",2.25
"1096",2.66666666666667
"1097",2.5
"1098",3.5
"1099",NA
"1100",NA
"1101",NA
"1102",3.25
"1103",NA
"1104",1.25
"1105",NA
"1106",2.5
"1107",4
"1108",3
"1109",2.66666666666667
"1110",3.25
"1111",NA
"1112",3.5
"1113",NA
"1114",4
"1115",1.5
"1116",3.5
"1117",3.75
"1118",3.75
"1119",1.5
"1120",3.75
"1121",2.75
"1122",3.25
"1123",3.75
"1124",3.25
"1125",3
"1126",2.75
"1127",NA
"1128",3.25
"1129",2.5
"1130",3.5
"1131",2
"1132",NA
"1133",3
"1134",4
"1135",2.5
"1136",NA
"1137",NA
"1138",NA
"1139",2.75
"1140",4
"1141",3.75
"1142",NA
"1143",2.5
"1144",NA
"1145",2.66666666666667
"1146",NA
"1147",1.25
"1148",3
"1149",2.5
"1150",2.33333333333333
"1151",2.66666666666667
"1152",1.33333333333333
"1153",NA
"1154",3.5
"1155",3.5
"1156",NA
"1157",3.25
"1158",2.25
"1159",4
"1160",NA
"1161",2.5
"1162",NA
"1163",3.25
"1164",3.25
"1165",NA
"1166",3.25
"1167",NA
"1168",4
"1169",2.5
"1170",NA
"1171",3.5
"1172",3.5
"1173",3
"1174",2.25
"1175",1.5
"1176",2.33333333333333
"1177",NA
"1178",2.33333333333333
"1179",NA
"1180",NA
"1181",3
"1182",2.25
"1183",2.5
"1184",2.75
"1185",NA
"1186",4
"1187",NA
"1188",2.75
"1189",4
"1190",3.25
"1191",2.25
"1192",NA
"1193",2.75
"1194",NA
"1195",1.75
"1196",2.75
"1197",NA
"1198",1
"1199",NA
"1200",NA
"1201",2
"1202",3.33333333333333
"1203",3.25
"1204",3.75
"1205",NA
"1206",NA
"1207",1.75
"1208",3.25
"1209",2.5
"1210",3
"1211",2
"1212",2.5
"1213",3
"1214",2.75
"1215",2.75
"1216",NA
"1217",2.25
"1218",1
"1219",NA
"1220",3
"1221",3.75
"1222",3
"1223",2
"1224",NA
"1225",3.25
"1226",3
"1227",3.5
"1228",2.25
"1229",NA
"1230",2.75
"1231",2
"1232",NA
"1233",1.25
"1234",3.75
"1235",3.5
"1236",3
"1237",NA
"1238",2
"1239",NA
"1240",NA
"1241",3.75
"1242",2.75
"1243",3.75
"1244",NA
"1245",NA
"1246",NA
"1247",NA
"1248",2.5
"1249",NA
"1250",3.25
"1251",NA
"1252",3.25
"1253",NA
"1254",2.75
"1255",2
"1256",3.75
"1257",2.5
"1258",NA
"1259",3
"1260",3.25
"1261",3.75
"1262",2.66666666666667
"1263",2.75
"1264",3.66666666666667
"1265",2.25
"1266",2.5
"1267",2.25
"1268",2
"1269",2.5
"1270",NA
"1271",NA
"1272",NA
"1273",NA
"1274",2.75
"1275",NA
"1276",NA
"1277",2.75
"1278",2.75
"1279",NA
"1280",3.5
"1281",3.5
"1282",2.75
"1283",NA
"1284",NA
"1285",4
"1286",3.5
"1287",NA
"1288",NA
"1289",1
"1290",1.5
"1291",3
"1292",2.5
"1293",NA
"1294",NA
"1295",NA
"1296",NA
"1297",3.25
"1298",2.25
"1299",3
"1300",NA
"1301",NA
"1302",NA
"1303",NA
"1304",3.75
"1305",3.75
"1306",NA
"1307",3.25
"1308",2.75
"1309",NA
"1310",NA
"1311",2.75
"1312",NA
"1313",3.25
"1314",3.25
"1315",NA
"1316",2.75
"1317",3
"1318",2.75
"1319",3.66666666666667
"1320",2.75
"1321",2.75
"1322",2.5
"1323",NA
"1324",2.5
"1325",NA
"1326",3.25
"1327",NA
"1328",NA
"1329",2.75
"1330",3.75
"1331",NA
"1332",3.5
"1333",3.5
"1334",NA
"1335",NA
"1336",2.5
"1337",2
"1338",3.75
"1339",3.25
"1340",3
"1341",3.75
"1342",4
"1343",2
"1344",2.75
"1345",2.25
"1346",3
"1347",3
"1348",NA
"1349",3.75
"1350",2.75
"1351",3.25
"1352",2.25
"1353",3.25
"1354",NA
"1355",NA
"1356",3.5
"1357",2.75
"1358",3.5
"1359",2.25
"1360",3
"1361",2.25
"1362",2.75
"1363",2.5
"1364",2.75
"1365",3.5
"1366",1.75
"1367",2.75
"1368",3
"1369",2
"1370",3
"1371",3.75
"1372",NA
"1373",NA
"1374",3.25
"1375",2.75
"1376",NA
"1377",NA
"1378",NA
"1379",3.25
"1380",1.5
"1381",2.75
"1382",NA
"1383",1.5
"1384",NA
"1385",3.25
"1386",NA
"1387",3
"1388",3.25
"1389",1.5
"1390",3
"1391",NA
"1392",NA
"1393",3.75
"1394",2.5
"1395",NA
"1396",NA
"1397",2.66666666666667
"1398",NA
"1399",3.33333333333333
"1400",NA
"1401",2.5
"1402",NA
"1403",4
"1404",2
"1405",2.75
"1406",2
"1407",3.66666666666667
"1408",2.5
"1409",2.75
"1410",NA
"1411",NA
"1412",2.5
"1413",3.25
"1414",3.25
"1415",3.5
"1416",3
"1417",2.75
"1418",NA
"1419",NA
"1420",2.5
"1421",NA
"1422",3.25
"1423",2.75
"1424",4
"1425",NA
"1426",NA
"1427",3.5
"1428",NA
"1429",NA
"1430",NA
"1431",NA
"1432",2.25
"1433",1.75
"1434",2.25
"1435",2.75
"1436",3.25
"1437",2.5
"1438",3.33333333333333
"1439",3.25
"1440",NA
"1441",NA
"1442",NA
"1443",NA
"1444",NA
"1445",3
"1446",2.5
"1447",2.75
"1448",2.75
"1449",3.25
"1450",2.5
"1451",4
"1452",NA
"1453",3.75
"1454",2.5
"1455",NA
"1456",4
"1457",2.5
"1458",NA
"1459",NA
"1460",3
"1461",2.75
"1462",NA
"1463",NA
"1464",NA
"1465",NA
"1466",NA
"1467",3
"1468",NA
"1469",3.25
"1470",NA
"1471",4
"1472",NA
"1473",2.75
"1474",3
"1475",3.5
"1476",3.5
"1477",NA
"1478",NA
"1479",2.75
"1480",2
"1481",NA
"1482",2.25
"1483",2.5
"1484",2.75
"1485",NA
"1486",3.75
"1487",2.5
"1488",2.75
"1489",NA
"1490",3.5
"1491",NA
"1492",NA
"1493",NA
"1494",2.5
"1495",1
"1496",2.5
"1497",4
"1498",3.25
"1499",2.75
"1500",2
"1501",3
"1502",NA
"1503",3.5
"1504",NA
"1505",2.75
"1506",3.25
"1507",2.75
"1508",2
"1509",NA
"1510",2.33333333333333
"1511",NA
"1512",3
"1513",NA
"1514",3.75
"1515",NA
"1516",3.25
"1517",4
"1518",2.5
"1519",NA
"1520",NA
"1521",3.33333333333333
"1522",1.5
"1523",NA
"1524",2.5
"1525",3.75
"1526",1.66666666666667
"1527",3.25
"1528",3.33333333333333
"1529",2.75
"1530",4
"1531",NA
"1532",3.25
"1533",NA
"1534",NA
"1535",3
"1536",2.5
"1537",3.66666666666667
"1538",3
"1539",NA
"1540",2.75
"1541",3.5
"1542",3.25
"1543",3.75
"1544",2.5
"1545",2.66666666666667
"1546",1.66666666666667
"1547",NA
"1548",NA
"1549",NA
"1550",NA
"1551",2
"1552",2.5
"1553",1.5
"1554",2
"1555",3.75
"1556",NA
"1557",3.5
"1558",2.66666666666667
"1559",2.25
"1560",NA
"1561",2.25
"1562",3.25
"1563",NA
"1564",NA
"1565",4
"1566",3.5
"1567",2
"1568",NA
"1569",3
"1570",1.75
"1571",2.5
"1572",NA
"1573",3.75
"1574",NA
"1575",2.5
"1576",1.5
"1577",NA
"1578",2.5
"1579",NA
"1580",4
"1581",1.33333333333333
"1582",NA
"1583",3
"1584",3.75
"1585",NA
"1586",2
"1587",3.25
"1588",NA
"1589",2.33333333333333
"1590",2.75
"1591",2.66666666666667
"1592",NA
"1593",1.66666666666667
"1594",4
"1595",3.25
"1596",NA
"1597",NA
"1598",4
"1599",NA
"1600",3
"1601",3.75
"1602",NA
"1603",2.75
"1604",NA
"1605",3.75
"1606",2.75
"1607",NA
"1608",2.75
"1609",2.25
"1610",3
"1611",2
"1612",NA
"1613",2.33333333333333
"1614",3.25
"1615",2.75
"1616",2
"1617",NA
"1618",NA
"1619",3.25
"1620",2.75
"1621",3.25
"1622",NA
"1623",2.25
"1624",NA
"1625",3
"1626",NA
"1627",NA
"1628",3
"1629",NA
"1630",3.25
"1631",3.66666666666667
"1632",2.75
"1633",2.75
"1634",2.25
"1635",1.75
"1636",2.33333333333333
"1637",2.5
"1638",1.75
"1639",3
"1640",4
"1641",NA
"1642",1.66666666666667
"1643",2.33333333333333
"1644",NA
"1645",NA
"1646",2.25
"1647",2.75
"1648",NA
"1649",3.75
"1650",2.25
"1651",3
"1652",3.25
"1653",NA
"1654",3.25
"1655",2.75
"1656",3.25
"1657",2.75
"1658",2.25
"1659",NA
"1660",NA
"1661",NA
"1662",2
"1663",2
"1664",3.5
"1665",1.25
"1666",3
"1667",2.75
"1668",3.25
"1669",NA
"1670",3.5
"1671",3.25
"1672",2.5
"1673",NA
"1674",2.25
"1675",2.5
"1676",NA
"1677",1.5
"1678",3.25
"1679",4
"1680",NA
"1681",2
"1682",2
"1683",3.5
"1684",1.33333333333333
"1685",NA
"1686",3.25
"1687",3
"1688",2.75
"1689",2.66666666666667
"1690",NA
"1691",NA
"1692",3.5
"1693",3
"1694",3
"1695",3.5
"1696",2.25
"1697",NA
"1698",NA
"1699",NA
"1700",NA
"1701",3.5
"1702",NA
"1703",3.25
"1704",2.25
"1705",2.75
"1706",3
"1707",3
"1708",2.25
"1709",3
"1710",4
"1711",3
"1712",NA
"1713",1.66666666666667
"1714",NA
"1715",3
"1716",NA
"1717",NA
"1718",3.75
"1719",2.66666666666667
"1720",NA
"1721",NA
"1722",1.5
"1723",3
"1724",NA
"1725",3
"1726",NA
"1727",2.33333333333333
"1728",3
"1729",3
"1730",NA
"1731",1.75
"1732",2.5
"1733",2
"1734",3.5
"1735",NA
"1736",NA
"1737",NA
"1738",2
"1739",2.33333333333333
"1740",2.75
"1741",3.25
"1742",2.75
"1743",2.75
"1744",2
"1745",NA
"1746",3.75
"1747",3
"1748",3.5
"1749",3.5
"1750",NA
"1751",NA
"1752",3
"1753",2.25
"1754",3
"1755",2
"1756",NA
"1757",NA
"1758",3
"1759",1.75
"1760",2.25
"1761",NA
"1762",2.75
"1763",4
"1764",NA
"1765",NA
"1766",2.75
"1767",3
"1768",3.66666666666667
"1769",2.5
"1770",3.33333333333333
"1771",4
"1772",NA
"1773",NA
"1774",2.75
"1775",4
"1776",1.66666666666667
"1777",2.25
"1778",4
"1779",2.5
"1780",2.75
"1781",3.25
"1782",3
"1783",3.33333333333333
"1784",2.5
"1785",3.75
"1786",2.75
"1787",NA
"1788",4
"1789",3
"1790",NA
"1791",NA
"1792",NA
"1793",3.5
"1794",2.25
"1795",NA
"1796",3.25
"1797",3.25
"1798",NA
"1799",3.75
"1800",3.25
"1801",4
"1802",2
"1803",3.25
"1804",NA
"1805",NA
"1806",3.75
"1807",NA
"1808",2.66666666666667
"1809",1.75
"1810",NA
"1811",NA
"1812",2.25
"1813",2
"1814",3
"1815",2
"1816",4
"1817",3
"1818",NA
"1819",3.5
"1820",2.25
"1821",NA
"1822",2.5
"1823",2.33333333333333
"1824",2.25
"1825",3.5
"1826",3.25
"1827",3.75
"1828",NA
"1829",NA
"1830",NA
"1831",NA
"1832",2
"1833",3.25
"1834",2.75
"1835",3
"1836",2.5
"1837",4
"1838",2.25
"1839",2.5
"1840",2
"1841",3.5
"1842",1.5
"1843",NA
"1844",2.33333333333333
"1845",2.5
"1846",2.75
"1847",NA
"1848",3.5
"1849",NA
"1850",2
"1851",NA
"1852",2.5
"1853",2.33333333333333
"1854",NA
"1855",3.25
"1856",3
"1857",2.25
"1858",2
"1859",3.5
"1860",1.75
"1861",2.25
"1862",3.75
"1863",2.5
"1864",1.5
"1865",NA
"1866",1.75
"1867",2.75
"1868",1.5
"1869",3.75
"1870",NA
"1871",3.5
"1872",NA
"1873",1.5
"1874",NA
"1875",NA
"1876",NA
"1877",3.5
"1878",NA
"1879",NA
"1880",NA
"1881",3.25
"1882",NA
"1883",3.25
"1884",3.33333333333333
"1885",NA
"1886",NA
"1887",1.75
"1888",4
"1889",3.75
"1890",3
"1891",3.25
"1892",3.66666666666667
"1893",2.5
"1894",NA
"1895",3.25
"1896",3.75
"1897",3
"1898",NA
"1899",NA
"1900",NA
"1901",2.5
"1902",1.75
"1903",NA
"1904",NA
"1905",2.5
"1906",NA
"1907",3.75
"1908",NA
"1909",NA
"1910",NA
"1911",1.75
"1912",3.75
"1913",NA
"1914",3
"1915",NA
"1916",4
"1917",NA
"1918",3.75
"1919",3
"1920",3.75
"1921",3
"1922",3.5
"1923",3.25
"1924",1.66666666666667
"1925",2.33333333333333
"1926",NA
"1927",NA
"1928",2.25
"1929",3.25
"1930",3
"1931",3
"1932",1.75
"1933",3
"1934",1
"1935",2.5
"1936",1.75
"1937",3.5
"1938",2.5
"1939",3
"1940",3.75
"1941",3
"1942",1.75
"1943",3.25
"1944",1.75
"1945",NA
"1946",NA
"1947",3.66666666666667
"1948",3
"1949",3
"1950",NA
"1951",NA
"1952",NA
"1953",2.75
"1954",NA
"1955",NA
"1956",2
"1957",1
"1958",NA
"1959",NA
"1960",4
"1961",NA
"1962",2.25
"1963",NA
"1964",4
"1965",3
"1966",3.75
"1967",NA
"1968",NA
"1969",NA
"1970",NA
"1971",NA
"1972",3.25
"1973",3.25
"1974",2.75
"1975",NA
"1976",NA
"1977",1.66666666666667
"1978",NA
"1979",2.5
"1980",3
"1981",3.5
"1982",NA
"1983",2.75
"1984",3
"1985",NA
"1986",4
"1987",NA
"1988",3.25
"1989",3.75
"1990",3.5
"1991",2.33333333333333
"1992",NA
"1993",NA
"1994",NA
"1995",3.25
"1996",3
"1997",NA
"1998",NA
"1999",NA
"2000",3
"2001",NA
"2002",NA
"2003",3
"2004",NA
"2005",NA
"2006",3.75
"2007",1.5
"2008",3.5
"2009",NA
"2010",NA
"2011",2.75
"2012",NA
"2013",3.25
"2014",NA
"2015",3
"2016",4
"2017",2.33333333333333
"2018",1
"2019",3.75
"2020",2.5
"2021",2.25
"2022",NA
"2023",2.25
"2024",NA
"2025",3.75
"2026",1.75
"2027",2.75
"2028",2.33333333333333
"2029",3
"2030",3
"2031",1.66666666666667
"2032",NA
"2033",3.75
"2034",2
"2035",2.5
"2036",4
"2037",NA
"2038",3
"2039",1.75
"2040",3.5
"2041",1.5
"2042",3.25
"2043",NA
"2044",NA
"2045",NA
"2046",NA
"2047",NA
"2048",NA
"2049",3.5
"2050",2
"2051",NA
"2052",2.5
"2053",2.25
"2054",NA
"2055",3
"2056",3
"2057",2.75
"2058",NA
"2059",2
"2060",3.5
"2061",4
"2062",3
"2063",3
"2064",3
"2065",3.25
"2066",2.75
"2067",2.5
"2068",2.25
"2069",2
"2070",NA
"2071",1.5
"2072",2.66666666666667
"2073",2.75
"2074",NA
"2075",3
"2076",NA
"2077",2.5
"2078",2.75
"2079",3
"2080",NA
"2081",3
"2082",3.75
"2083",2.25
"2084",3.5
"2085",2.25
"2086",4
"2087",4
"2088",2.25
"2089",3
"2090",3.25
"2091",NA
"2092",3
"2093",1.5
"2094",3.5
"2095",2.5
"2096",NA
"2097",2.5
"2098",3
"2099",2.25
"2100",NA
"2101",3.5
"2102",4
"2103",3.25
"2104",3.33333333333333
"2105",NA
"2106",NA
"2107",2
"2108",3
"2109",NA
"2110",NA
"2111",1.5
"2112",1.75
"2113",3.5
"2114",3.75
"2115",3
"2116",NA
"2117",NA
"2118",2.25
"2119",NA
"2120",3
"2121",2.75
"2122",3
"2123",3.5
"2124",2.75
"2125",2.75
"2126",NA
"2127",NA
"2128",3.5
"2129",3.75
"2130",3.25
"2131",2
"2132",2.75
"2133",3.5
"2134",2
"2135",NA
"2136",NA
"2137",2.66666666666667
"2138",NA
"2139",1.75
"2140",3.25
"2141",NA
"2142",3
"2143",3.75
"2144",2.75
"2145",2.75
"2146",2.33333333333333
"2147",NA
"2148",2
"2149",2.5
"2150",3
"2151",3.75
"2152",NA
"2153",2
"2154",NA
"2155",3.25
"2156",3.25
"2157",2.25
"2158",NA
"2159",3
"2160",2.75
"2161",NA
"2162",3.5
"2163",NA
"2164",3
"2165",NA
"2166",NA
"2167",NA
"2168",3.75
"2169",NA
"2170",NA
"2171",NA
"2172",NA
"2173",NA
"2174",NA
"2175",3
"2176",2.5
"2177",NA
"2178",NA
"2179",NA
"2180",2.5
"2181",3.25
"2182",2.75
"2183",3
"2184",3.5
"2185",NA
"2186",2
"2187",3.25
"2188",NA
"2189",NA
"2190",NA
"2191",3.75
"2192",NA
"2193",2.5
"2194",2.25
"2195",NA
"2196",NA
"2197",3
"2198",3.5
"2199",NA
"2200",3
"2201",2.5
"2202",NA
"2203",2.5
"2204",NA
"2205",2.25
"2206",1.75
"2207",1.66666666666667
"2208",NA
"2209",NA
"2210",3.5
"2211",2.5
"2212",NA
"2213",NA
"2214",2.75
"2215",2.5
"2216",2.33333333333333
"2217",3.25
"2218",2.75
"2219",NA
"2220",3.5
"2221",4
"2222",2.75
"2223",2.25
"2224",3.25
"2225",2.66666666666667
"2226",NA
"2227",NA
"2228",NA
"2229",2.75
"2230",NA
"2231",NA
"2232",4
"2233",3.25
"2234",NA
"2235",3
"2236",2.75
"2237",NA
"2238",3.66666666666667
"2239",NA
"2240",2.25
"2241",2.5
"2242",NA
"2243",3.25
"2244",3
"2245",1.66666666666667
"2246",3.25
"2247",NA
"2248",3.5
"2249",NA
"2250",NA
"2251",NA
"2252",3.66666666666667
"2253",NA
"2254",3.5
"2255",NA
"2256",2.75
"2257",2.5
"2258",3.25
"2259",3.66666666666667
"2260",2.33333333333333
"2261",4
"2262",NA
"2263",2.33333333333333
"2264",2.5
"2265",NA
"2266",3
"2267",1.66666666666667
"2268",2.75
"2269",1.75
"2270",NA
"2271",3.25
"2272",NA
"2273",4
"2274",NA
"2275",NA
"2276",2
"2277",3
"2278",3.25
"2279",4
"2280",NA
"2281",4
"2282",NA
"2283",3.5
"2284",NA
"2285",NA
"2286",NA
"2287",1.75
"2288",3.25
"2289",NA
"2290",3.75
"2291",NA
"2292",2.5
"2293",NA
"2294",2.5
"2295",2.25
"2296",2.75
"2297",NA
"2298",2.25
"2299",2.5
"2300",2.75
"2301",3.75
"2302",NA
"2303",3.25
"2304",3.5
"2305",3.75
"2306",4
"2307",NA
"2308",3.5
"2309",NA
"2310",NA
"2311",4
"2312",4
"2313",NA
"2314",NA
"2315",2.25
"2316",NA
"2317",2.75
"2318",3.25
"2319",NA
"2320",3.25
"2321",NA
"2322",NA
"2323",3.5
"2324",2.5
"2325",3
"2326",2.33333333333333
"2327",NA
"2328",NA
"2329",2.75
"2330",NA
"2331",NA
"2332",NA
"2333",4
"2334",NA
"2335",2.75
"2336",3
"2337",3.25
"2338",2.75
"2339",1.5
"2340",3
"2341",3
"2342",3.25
"2343",NA
"2344",3
"2345",1.66666666666667
"2346",3.25
"2347",2.75
"2348",2.25
"2349",3.5
"2350",4
"2351",NA
"2352",4
"2353",3.5
"2354",3.75
"2355",2.75
"2356",2.5
"2357",3.25
"2358",NA
"2359",NA
"2360",NA
"2361",3
"2362",2.25
"2363",2
"2364",NA
"2365",2.75
"2366",NA
"2367",NA
"2368",NA
"2369",2.33333333333333
"2370",3.75
"2371",3
"2372",2.25
"2373",NA
"2374",3
"2375",2
"2376",3.25
"2377",2
"2378",2.5
"2379",4
"2380",1.75
"2381",3
"2382",NA
"2383",2.66666666666667
"2384",3.33333333333333
"2385",NA
"2386",3.25
"2387",3.5
"2388",NA
"2389",4
"2390",1
"2391",NA
"2392",NA
"2393",4
"2394",3
"2395",2.75
"2396",2
"2397",3.25
"2398",3.5
"2399",3.25
"2400",3
"2401",3.5
"2402",2.75
"2403",2
"2404",3.5
"2405",2.5
"2406",3.75
"2407",2.75
"2408",NA
"2409",3
"2410",2
"2411",3.25
"2412",NA
"2413",3.5
"2414",NA
"2415",3
"2416",NA
"2417",3.5
"2418",2.5
"2419",3.33333333333333
"2420",2.75
"2421",3.25
"2422",3.75
"2423",2.5
"2424",NA
"2425",2.25
"2426",2.66666666666667
"2427",NA
"2428",NA
"2429",2.5
"2430",NA
"2431",3
"2432",2.75
"2433",4
"2434",2.75
"2435",2.25
"2436",3
"2437",3.25
"2438",NA
"2439",3.5
"2440",3
"2441",2.75
"2442",1.66666666666667
"2443",4
"2444",NA
"2445",3.5
"2446",NA
"2447",2.5
"2448",1.5
"2449",3.25
"2450",3
"2451",1.75
"2452",2
"2453",3.25
"2454",2.5
"2455",2.5
"2456",3.5
"2457",2
"2458",2
"2459",2.75
"2460",4
"2461",NA
"2462",3.5
"2463",3
"2464",NA
"2465",NA
"2466",NA
"2467",4
"2468",3
"2469",3
"2470",2.75
"2471",2.75
"2472",NA
"2473",NA
"2474",3
"2475",3.25
"2476",3
"2477",3.33333333333333
"2478",3.75
"2479",3.25
"2480",NA
"2481",2.5
"2482",2.5
"2483",2
"2484",2.75
"2485",3
"2486",NA
"2487",1
"2488",3
"2489",NA
"2490",2
"2491",2.75
"2492",3.33333333333333
"2493",2.5
"2494",3.25
"2495",3.66666666666667
"2496",2.66666666666667
"2497",3.25
"2498",2.75
"2499",NA
"2500",1
"2501",3
"2502",2.5
"2503",NA
"2504",1.5
"2505",2.5
"2506",2.75
"2507",NA
"2508",NA
"2509",NA
"2510",3
"2511",2.25
"2512",3
"2513",2.75
"2514",2.25
"2515",2.75
"2516",3
"2517",3.25
"2518",3.25
"2519",2.5
"2520",1.75
"2521",NA
"2522",2.75
"2523",NA
"2524",4
"2525",3.75
"2526",3.75
"2527",2
"2528",2
"2529",NA
"2530",NA
"2531",3.75
"2532",3.66666666666667
"2533",3.25
"2534",3.25
"2535",NA
"2536",3.5
"2537",3.25
"2538",NA
"2539",2
"2540",3
"2541",NA
"2542",3.25
"2543",NA
"2544",4
"2545",3.25
"2546",3.25
"2547",2.5
"2548",NA
"2549",1.33333333333333
"2550",3
"2551",NA
"2552",3.66666666666667
"2553",1.66666666666667
"2554",3.25
"2555",NA
"2556",NA
"2557",3.25
"2558",2
"2559",3.25
"2560",2.75
"2561",3.25
"2562",2.75
"2563",NA
"2564",NA
"2565",3.25
"2566",2.5
"2567",2.25
"2568",3.25
"2569",2.75
"2570",NA
"2571",2.25
"2572",2.5
"2573",NA
"2574",3.75
"2575",3
"2576",2.33333333333333
"2577",NA
"2578",2.5
"2579",3
"2580",NA
"2581",NA
"2582",2.25
"2583",NA
"2584",3.33333333333333
"2585",2.75
"2586",3.25
"2587",3.75
"2588",NA
"2589",3
"2590",NA
"2591",3.75
"2592",2.25
"2593",NA
"2594",2.33333333333333
"2595",3
"2596",NA
"2597",3
"2598",2.75
"2599",2.5
"2600",3.75
"2601",3.5
"2602",3.75
"2603",NA
"2604",2
"2605",4
"2606",NA
"2607",3.25
"2608",2.75
"2609",3.25
"2610",NA
"2611",NA
"2612",NA
"2613",3.25
"2614",3.25
"2615",3.5
"2616",2.25
"2617",NA
"2618",NA
"2619",3.66666666666667
"2620",2.25
"2621",NA
"2622",NA
"2623",NA
"2624",3.25
"2625",2.75
"2626",NA
"2627",4
"2628",NA
"2629",4
"2630",2.25
"2631",NA
"2632",2.75
"2633",2
"2634",NA
"2635",2
"2636",3.25
"2637",3.25
"2638",2.25
"2639",3.5
"2640",NA
"2641",4
"2642",NA
"2643",NA
"2644",NA
"2645",3.25
"2646",2.75
"2647",NA
"2648",NA
"2649",NA
"2650",NA
"2651",NA
"2652",4
"2653",NA
"2654",3
"2655",2.25
"2656",2
"2657",NA
"2658",3.5
"2659",NA
"2660",NA
"2661",1.5
"2662",3
"2663",NA
"2664",3.75
"2665",2.75
"2666",3
"2667",3.5
"2668",NA
"2669",NA
"2670",3.25
"2671",NA
"2672",2.75
"2673",2.75
"2674",2.25
"2675",3.5
"2676",NA
"2677",2.75
"2678",NA
"2679",3.75
"2680",NA
"2681",2.66666666666667
"2682",3
"2683",NA
"2684",4
"2685",3.5
"2686",3.25
"2687",3.5
"2688",NA
"2689",3
"2690",3
"2691",3
"2692",3.25
"2693",NA
"2694",2.5
"2695",NA
"2696",NA
"2697",3.5
"2698",3.5
"2699",NA
"2700",3.5
"2701",3
"2702",NA
"2703",1.25
"2704",3.5
"2705",2.25
"2706",NA
"2707",1.75
"2708",2.75
"2709",3
"2710",3.25
"2711",2.75
"2712",NA
"2713",3.33333333333333
"2714",3.75
"2715",NA
"2716",3
"2717",NA
"2718",NA
"2719",3
"2720",3.25
"2721",2
"2722",NA
"2723",3.5
"2724",3
"2725",2.25
"2726",2.5
"2727",3
"2728",NA
"2729",3
"2730",NA
"2731",3
"2732",3.5
"2733",1.25
"2734",3
"2735",3.25
"2736",2.5
"2737",1
"2738",3.75
"2739",2.5
"2740",NA
"2741",NA
"2742",3
"2743",2
"2744",3.5
"2745",2
"2746",4
"2747",NA
"2748",1.5
"2749",1.75
"2750",NA
"2751",NA
"2752",2.33333333333333
"2753",3.25
"2754",1.5
"2755",NA
"2756",2.5
"2757",4
"2758",NA
"2759",NA
"2760",NA
"2761",NA
"2762",2.25
"2763",3.5
"2764",3
"2765",3
"2766",NA
"2767",2.66666666666667
"2768",NA
"2769",2
"2770",2.5
"2771",NA
"2772",3
"2773",NA
"2774",2.75
"2775",NA
"2776",3.25
"2777",1.75
"2778",2.25
"2779",1.66666666666667
"2780",2.33333333333333
"2781",3.5
"2782",2.5
"2783",NA
"2784",NA
"2785",2.75
"2786",3.5
"2787",2.75
"2788",3.5
"2789",4
"2790",2.5
"2791",2.75
"2792",2.25
"2793",1.75
"2794",NA
"2795",2.75
"2796",NA
"2797",3.25
"2798",NA
"2799",1.5
"2800",2.25
"2801",3
"2802",2.33333333333333
"2803",3.33333333333333
"2804",3
"2805",NA
"2806",2.25
"2807",NA
"2808",3.25
"2809",NA
"2810",2.25
"2811",2
"2812",3.75
"2813",4
"2814",NA
"2815",NA
"2816",2.25
"2817",1.75
"2818",2.25
"2819",NA
"2820",NA
"2821",2.75
"2822",3.25
"2823",3.5
"2824",NA
"2825",2
"2826",NA
"2827",3
"2828",3
"2829",3
"2830",2.33333333333333
"2831",2
"2832",2.75
"2833",3.75
"2834",2.25
"2835",2.75
"2836",3.33333333333333
"2837",1.75
"2838",2.5
"2839",4
"2840",NA
"2841",NA
"2842",3.66666666666667
"2843",NA
"2844",NA
"2845",3.5
"2846",1.25
"2847",2.5
"2848",NA
"2849",NA
"2850",NA
"2851",3
"2852",NA
"2853",3.25
"2854",NA
"2855",NA
"2856",3.5
"2857",4
"2858",3.66666666666667
"2859",2.25
"2860",NA
"2861",2
"2862",NA
"2863",3.25
"2864",NA
"2865",1.75
"2866",NA
"2867",2.25
"2868",2
"2869",3.75
"2870",2.25
"2871",NA
"2872",2.5
"2873",2.25
"2874",NA
"2875",NA
"2876",3
"2877",NA
"2878",NA
"2879",NA
"2880",2
"2881",3
"2882",2
"2883",2.33333333333333
"2884",3.25
"2885",NA
"2886",2.75
"2887",3.5
"2888",3.25
"2889",NA
"2890",NA
"2891",3.25
"2892",2.75
"2893",3.33333333333333
"2894",3.25
"2895",3
"2896",1.66666666666667
"2897",NA
"2898",1.75
"2899",3.33333333333333
"2900",3
"2901",3
"2902",2.75
"2903",3
"2904",3.5
"2905",2.75
"2906",2
"2907",2.5
"2908",2.33333333333333
"2909",NA
"2910",3.75
"2911",NA
"2912",NA
"2913",2.5
"2914",NA
"2915",4
"2916",3
"2917",4
"2918",4
"2919",NA
"2920",2
"2921",2
"2922",2
"2923",NA
"2924",3.25
"2925",1.75
"2926",NA
"2927",2.25
"2928",3.25
"2929",1.33333333333333
"2930",NA
"2931",NA
"2932",4
"2933",3.75
"2934",NA
"2935",2.5
"2936",3.5
"2937",3.5
"2938",1.25
"2939",3.75
"2940",3.75
"2941",2.75
"2942",3
"2943",3
"2944",3
"2945",NA
"2946",4
"2947",2.5
"2948",NA
"2949",NA
"2950",NA
"2951",2.75
"2952",3.33333333333333
"2953",4
"2954",NA
"2955",3.25
"2956",1.75
"2957",3
"2958",NA
"2959",3.5
"2960",2.5
"2961",3
"2962",NA
"2963",3.5
"2964",NA
"2965",NA
"2966",NA
"2967",3
"2968",3
"2969",3
"2970",3.75
"2971",3
"2972",2.5
"2973",NA
"2974",NA
"2975",3
"2976",2.25
"2977",NA
"2978",2.5
"2979",4
"2980",NA
"2981",2
"2982",2.75
"2983",2.25
"2984",NA
"2985",3
"2986",3.75
"2987",NA
"2988",NA
"2989",3.25
"2990",2
"2991",2.5
"2992",2
"2993",3
"2994",2.75
"2995",3
"2996",NA
"2997",3.5
"2998",3.25
"2999",2.5
"3000",2.5
"3001",2.75
"3002",4
"3003",NA
"3004",2.75
"3005",NA
"3006",4
"3007",3.66666666666667
"3008",4
"3009",2.75
"3010",3.5
"3011",2.75
"3012",NA
"3013",NA
"3014",NA
"3015",NA
"3016",NA
"3017",NA
"3018",3.25
"3019",NA
"3020",3.25
"3021",3
"3022",2.5
"3023",NA
"3024",NA
"3025",NA
"3026",NA
"3027",NA
"3028",NA
"3029",NA
"3030",NA
"3031",2.33333333333333
"3032",3.5
"3033",3.33333333333333
"3034",1.75
"3035",3
"3036",NA
"3037",2.5
"3038",NA
"3039",3
"3040",3
"3041",3.5
"3042",NA
"3043",2
"3044",2.75
"3045",2
"3046",3.5
"3047",4
"3048",NA
"3049",3.25
"3050",3
"3051",3.75
"3052",1.25
"3053",2
"3054",4
"3055",4
"3056",2.25
"3057",2.75
"3058",3.5
"3059",2.25
"3060",NA
"3061",3
"3062",NA
"3063",NA
"3064",NA
"3065",2.5
"3066",NA
"3067",2.75
"3068",2.75
"3069",3
"3070",3.75
"3071",2.75
"3072",NA
"3073",NA
"3074",2.5
"3075",NA
"3076",NA
"3077",3
"3078",1
"3079",1.5
"3080",2.5
"3081",3.75
"3082",NA
"3083",NA
"3084",NA
"3085",2.25
"3086",4
"3087",2.25
"3088",3.5
"3089",3
"3090",3.25
"3091",2.5
"3092",2.33333333333333
"3093",1.5
"3094",NA
"3095",3
"3096",2.66666666666667
"3097",2.5
"3098",NA
"3099",3
"3100",3
"3101",NA
"3102",NA
"3103",3.75
"3104",2.75
"3105",4
"3106",NA
"3107",NA
"3108",2.75
"3109",NA
"3110",2.75
"3111",2.75
"3112",3.5
"3113",3
"3114",3
"3115",2.25
"3116",3.25
"3117",NA
"3118",2.5
"3119",1.75
"3120",3.5
"3121",3
"3122",2.75
"3123",NA
"3124",1.75
"3125",NA
"3126",1.75
"3127",NA
"3128",NA
"3129",NA
"3130",NA
"3131",3
"3132",NA
"3133",NA
"3134",NA
"3135",2.75
"3136",2.5
"3137",3
"3138",1.25
"3139",2.33333333333333
"3140",3.25
"3141",2.66666666666667
"3142",3.33333333333333
"3143",NA
"3144",3
"3145",3.75
"3146",3.75
"3147",1.66666666666667
"3148",1.66666666666667
"3149",2.33333333333333
"3150",2
"3151",2.75
"3152",2.5
"3153",NA
"3154",2.25
"3155",2.75
"3156",3.25
"3157",2.5
"3158",1.75
"3159",2.33333333333333
"3160",NA
"3161",NA
"3162",3
"3163",NA
"3164",NA
"3165",NA
"3166",3.5
"3167",3
"3168",NA
"3169",NA
"3170",3
"3171",3.5
"3172",NA
"3173",NA
"3174",3.25
"3175",NA
"3176",4
"3177",2.75
"3178",NA
"3179",NA
"3180",1.75
"3181",2.5
"3182",NA
"3183",2
"3184",2.75
"3185",2.75
"3186",3.75
"3187",4
"3188",3
"3189",3.25
"3190",1.75
"3191",NA
"3192",2.5
"3193",NA
"3194",NA
"3195",3.75
"3196",NA
"3197",1.25
"3198",3
"3199",3.25
"3200",3.5
"3201",NA
"3202",3
"3203",1
"3204",2.5
"3205",NA
"3206",2.25
"3207",NA
"3208",3.66666666666667
"3209",3.25
"3210",2.5
"3211",1.75
"3212",2.75
"3213",3.25
"3214",NA
"3215",2.66666666666667
"3216",3.25
"3217",2.25
"3218",3
"3219",NA
"3220",2.5
"3221",NA
"3222",2.5
"3223",NA
"3224",1.33333333333333
"3225",3
"3226",NA
"3227",3.33333333333333
"3228",3.66666666666667
"3229",3.5
"3230",NA
"3231",2.5
"3232",3
"3233",3.25
"3234",1.75
"3235",NA
"3236",2.5
"3237",3.75
"3238",2.75
"3239",3
"3240",3.66666666666667
"3241",NA
"3242",2.75
"3243",2.25
"3244",2.5
"3245",2.5
"3246",3.25
"3247",4
"3248",3
"3249",2.25
"3250",NA
"3251",NA
"3252",NA
"3253",2.5
"3254",3
"3255",NA
"3256",3.5
"3257",NA
"3258",NA
"3259",2.25
"3260",4
"3261",NA
"3262",NA
"3263",3.25
"3264",3
"3265",NA
"3266",3.25
"3267",NA
"3268",2.75
"3269",2.5
"3270",1.5
"3271",3.75
"3272",3.33333333333333
"3273",NA
"3274",3.25
"3275",NA
"3276",1
"3277",NA
"3278",NA
"3279",2
"3280",2.5
"3281",2.66666666666667
"3282",1.75
"3283",NA
"3284",NA
"3285",2
"3286",NA
"3287",NA
"3288",3.25
"3289",4
"3290",3.25
"3291",2.25
"3292",2.75
"3293",3.25
"3294",2.66666666666667
"3295",1.75
"3296",2.25
"3297",NA
"3298",NA
"3299",3.25
"3300",3
"3301",NA
"3302",2.5
"3303",3.25
"3304",NA
"3305",3.75
"3306",NA
"3307",3
"3308",NA
"3309",NA
"3310",2.66666666666667
"3311",NA
"3312",NA
"3313",3.5
"3314",NA
"3315",3
"3316",3.25
"3317",2.75
"3318",3
"3319",NA
"3320",2.66666666666667
"3321",3
"3322",4
"3323",NA
"3324",3.5
"3325",3.33333333333333
"3326",3.5
"3327",1.25
"3328",2.25
"3329",3.75
"3330",NA
"3331",2.25
"3332",2.25
"3333",NA
"3334",3.75
"3335",NA
"3336",4
"3337",NA
"3338",NA
"3339",NA
"3340",2.75
"3341",2.75
"3342",NA
"3343",3
"3344",2.75
"3345",2.5
"3346",3
"3347",3
"3348",2.5
"3349",4
"3350",3.25
"3351",4
"3352",3.33333333333333
"3353",2.5
"3354",1
"3355",NA
"3356",1.75
"3357",4
"3358",3.5
"3359",1.75
"3360",2.25
"3361",3
"3362",3
"3363",NA
"3364",4
"3365",NA
"3366",2
"3367",NA
"3368",NA
"3369",NA
"3370",3
"3371",NA
"3372",3.25
"3373",NA
"3374",3.5
"3375",3.25
"3376",NA
"3377",3.25
"3378",NA
"3379",2.25
"3380",1
"3381",3
"3382",3
"3383",3
"3384",3.25
"3385",2.75
"3386",3.5
"3387",NA
"3388",NA
"3389",2.66666666666667
"3390",1.75
"3391",3.5
"3392",NA
"3393",2.5
"3394",NA
"3395",3.5
"3396",3.5
"3397",3.5
"3398",2.75
"3399",3.25
"3400",3.5
"3401",2.75
"3402",NA
"3403",NA
"3404",NA
"3405",3
"3406",1.75
"3407",3.25
"3408",2.75
"3409",3.33333333333333
"3410",NA
"3411",3.5
"3412",1.75
"3413",NA
"3414",3.75
"3415",3.25
"3416",2.75
"3417",2.25
"3418",3.75
"3419",3
"3420",3.5
"3421",3.25
"3422",3.75
"3423",2.75
"3424",3
"3425",2.25
"3426",NA
"3427",NA
"3428",NA
"3429",3
"3430",2.75
"3431",3.25
"3432",NA
"3433",3.5
"3434",NA
"3435",3
"3436",3.25
"3437",3
"3438",3
"3439",NA
"3440",NA
"3441",NA
"3442",2.5
"3443",1.5
"3444",2.75
"3445",3.25
"3446",2.5
"3447",2.75
"3448",3.66666666666667
"3449",3
"3450",2.5
"3451",3.75
"3452",3.25
"3453",2.75
"3454",3
"3455",2
"3456",3.25
"3457",3.5
"3458",2.25
"3459",2.75
"3460",3.25
"3461",4
"3462",NA
"3463",2
"3464",2.25
"3465",NA
"3466",2.75
"3467",NA
"3468",2.25
"3469",3.5
"3470",2.5
"3471",2.5
"3472",3
"3473",NA
"3474",3
"3475",3
"3476",NA
"3477",4
"3478",NA
"3479",1.75
"3480",3.75
"3481",NA
"3482",1.5
"3483",3
"3484",3
"3485",3
"3486",NA
"3487",3
"3488",NA
"3489",NA
"3490",3.25
"3491",2.75
"3492",NA
"3493",NA
"3494",3
"3495",2
"3496",NA
"3497",NA
"3498",4
"3499",NA
"3500",2.75
"3501",NA
"3502",3.75
"3503",2.33333333333333
"3504",NA
"3505",3.25
"3506",2.25
"3507",NA
"3508",2.5
"3509",NA
"3510",3.25
"3511",NA
"3512",NA
"3513",3.5
"3514",3
"3515",NA
"3516",3.75
"3517",3.5
"3518",4
"3519",3.5
"3520",NA
"3521",NA
"3522",2.25
"3523",2.25
"3524",2.25
"3525",3
"3526",NA
"3527",2.75
"3528",3.5
"3529",2
"3530",NA
"3531",3
"3532",2.33333333333333
"3533",3.5
"3534",2.5
"3535",2
"3536",NA
"3537",2.75
"3538",3
"3539",3.25
"3540",3
"3541",2
"3542",NA
"3543",3
"3544",3
"3545",2
"3546",2
"3547",NA
"3548",4
"3549",3.5
"3550",3.25
"3551",3.5
"3552",2.75
"3553",2
"3554",NA
"3555",NA
"3556",NA
"3557",1.5
"3558",3.25
"3559",2.66666666666667
"3560",2.25
"3561",2.75
"3562",4
"3563",3.66666666666667
"3564",NA
"3565",2.33333333333333
"3566",NA
"3567",2.75
"3568",2.5
"3569",3
"3570",2.25
"3571",4
"3572",NA
"3573",3.25
"3574",2.5
"3575",NA
"3576",3.5
"3577",3.25
"3578",3.25
"3579",2.25
"3580",2.25
"3581",3.75
"3582",3
"3583",2
"3584",1.75
"3585",2.5
"3586",2.5
"3587",2.5
"3588",3.5
"3589",3
"3590",2.5
"3591",2
"3592",2.5
"3593",3
"3594",3.5
"3595",3.75
"3596",NA
"3597",NA
"3598",3.75
"3599",NA
"3600",3.25
"3601",3
"3602",3.25
"3603",1
"3604",3
"3605",3.5
"3606",NA
"3607",3.25
"3608",NA
"3609",NA
"3610",NA
"3611",NA
"3612",3.25
"3613",NA
"3614",2.25
"3615",NA
"3616",2.75
"3617",NA
"3618",2.25
"3619",NA
"3620",3.75
"3621",2.5
"3622",4
"3623",3.5
"3624",3.25
"3625",NA
"3626",2.5
"3627",1.66666666666667
"3628",NA
"3629",2.5
"3630",3.25
"3631",1.5
"3632",NA
"3633",3
"3634",3
"3635",2.25
"3636",2.25
"3637",2.75
"3638",NA
"3639",1.75
"3640",3.5
"3641",NA
"3642",2.75
"3643",2.25
"3644",NA
"3645",NA
"3646",2
"3647",2.25
"3648",3.25
"3649",2.75
"3650",2
"3651",3
"3652",3.75
"3653",1.75
"3654",NA
"3655",3.5
"3656",3
"3657",3
"3658",3.75
"3659",2.25
"3660",3.75
"3661",2.25
"3662",NA
"3663",3.5
"3664",2.75
"3665",NA
"3666",2.66666666666667
"3667",2.66666666666667
"3668",2.75
"3669",2.75
"3670",NA
"3671",2.5
"3672",NA
"3673",NA
"3674",NA
"3675",2.33333333333333
"3676",2.75
"3677",3.75
"3678",3.5
"3679",NA
"3680",3
"3681",2.25
"3682",NA
"3683",3
"3684",3.25
"3685",NA
"3686",3.5
"3687",3.25
"3688",3.5
"3689",3.5
"3690",4
"3691",2
"3692",2.75
"3693",2.25
"3694",2.33333333333333
"3695",1.75
"3696",NA
"3697",NA
"3698",NA
"3699",2.75
"3700",2.66666666666667
"3701",2.25
"3702",3.5
"3703",1.75
"3704",3.33333333333333
"3705",3.75
"3706",NA
"3707",3
"3708",2.25
"3709",2.5
"3710",2.75
"3711",2.75
"3712",2.5
"3713",3.5
"3714",3.75
"3715",1.75
"3716",NA
"3717",NA
"3718",3.75
"3719",3
"3720",NA
"3721",4
"3722",3
"3723",NA
"3724",2.25
"3725",2.75
"3726",3.33333333333333
"3727",2
"3728",3.5
"3729",NA
"3730",2.75
"3731",2.25
"3732",NA
"3733",NA
"3734",2.5
"3735",3.33333333333333
"3736",3.25
"3737",2.5
"3738",4
"3739",3.5
"3740",2
"3741",2.25
"3742",2.25
"3743",3.25
"3744",NA
"3745",3
"3746",NA
"3747",3.25
"3748",NA
"3749",3.75
"3750",2.33333333333333
"3751",3.25
"3752",2
"3753",2.75
"3754",NA
"3755",2.75
"3756",2
"3757",2.75
"3758",2.75
"3759",2
"3760",NA
"3761",3
"3762",3
"3763",2
"3764",2
"3765",NA
"3766",3.5
"3767",4
"3768",2.5
"3769",2.75
"3770",3.75
"3771",2.75
"3772",NA
"3773",NA
"3774",NA
"3775",NA
"3776",1.75
"3777",NA
"3778",2.25
"3779",NA
"3780",NA
"3781",2.75
"3782",NA
"3783",2.5
"3784",3.25
"3785",NA
"3786",NA
"3787",3.25
"3788",3.5
"3789",3.66666666666667
"3790",2.33333333333333
"3791",1.75
"3792",NA
"3793",3.25
"3794",3
"3795",NA
"3796",NA
"3797",3.25
"3798",2.75
"3799",NA
"3800",3.5
"3801",NA
"3802",4
"3803",NA
"3804",3.25
"3805",3.75
"3806",NA
"3807",4
"3808",NA
"3809",3
"3810",2.5
"3811",NA
"3812",3.5
"3813",3.5
"3814",NA
"3815",NA
"3816",2.75
"3817",3.25
"3818",NA
"3819",3.25
"3820",1.75
"3821",2.5
"3822",NA
"3823",1.75
"3824",NA
"3825",NA
"3826",1.5
"3827",NA
"3828",2.75
"3829",3
"3830",NA
"3831",2
"3832",2.75
"3833",3.75
"3834",3.25
"3835",1.5
"3836",3.25
"3837",NA
"3838",2.75
"3839",3.25
"3840",3.25
"3841",3.5
"3842",NA
"3843",2
"3844",2.25
"3845",3
"3846",2.33333333333333
"3847",NA
"3848",3
"3849",NA
"3850",2
"3851",2.75
"3852",2.75
"3853",NA
"3854",3.5
"3855",2.75
"3856",2
"3857",2.75
"3858",NA
"3859",NA
"3860",3.5
"3861",3
"3862",2.75
"3863",4
"3864",3
"3865",3
"3866",2
"3867",2.5
"3868",NA
"3869",3.25
"3870",NA
"3871",NA
"3872",3.5
"3873",2.25
"3874",2.25
"3875",2.75
"3876",4
"3877",3
"3878",3.75
"3879",3
"3880",3.75
"3881",NA
"3882",3
"3883",2.33333333333333
"3884",NA
"3885",3.25
"3886",NA
"3887",2.25
"3888",2.75
"3889",3.5
"3890",1.75
"3891",3.5
"3892",3.25
"3893",NA
"3894",3.5
"3895",NA
"3896",NA
"3897",NA
"3898",NA
"3899",NA
"3900",NA
"3901",2.75
"3902",4
"3903",NA
"3904",2.5
"3905",4
"3906",1.75
"3907",NA
"3908",3.75
"3909",3
"3910",3.5
"3911",NA
"3912",3.25
"3913",1.25
"3914",3.25
"3915",4
"3916",2
"3917",3
"3918",NA
"3919",3.25
"3920",2
"3921",2.25
"3922",3.25
"3923",3.75
"3924",NA
"3925",3.25
"3926",NA
"3927",NA
"3928",2.5
"3929",2.75
"3930",1.75
"3931",3.5
"3932",2.25
"3933",2.5
"3934",1.5
"3935",2.66666666666667
"3936",4
"3937",NA
"3938",NA
"3939",3.75
"3940",2
"3941",2.25
"3942",1.5
"3943",NA
"3944",3.5
"3945",2.75
"3946",3
"3947",NA
"3948",1.66666666666667
"3949",NA
"3950",3.5
"3951",4
"3952",3.5
"3953",2.5
"3954",NA
"3955",NA
"3956",NA
"3957",4
"3958",2.25
"3959",4
"3960",NA
"3961",2
"3962",2.75
"3963",2.75
"3964",3
"3965",3
"3966",3
"3967",NA
"3968",1.75
"3969",NA
"3970",2.5
"3971",2.75
"3972",3.66666666666667
"3973",NA
"3974",NA
"3975",1.5
"3976",2.66666666666667
"3977",2.25
"3978",3.25
"3979",2
"3980",3
"3981",NA
"3982",NA
"3983",2.5
"3984",2.75
"3985",NA
"3986",NA
"3987",2
"3988",NA
"3989",2.5
"3990",2.75
"3991",2.25
"3992",2.5
"3993",NA
"3994",2.75
"3995",1.75
"3996",2.66666666666667
"3997",4
"3998",3
"3999",NA
"4000",NA
"4001",3
"4002",2.75
"4003",1.25
"4004",3
"4005",3
"4006",2
"4007",2.5
"4008",2
"4009",NA
"4010",NA
"4011",2.75
"4012",NA
"4013",3.25
"4014",2
"4015",3.5
"4016",2.25
"4017",2.75
"4018",2.25
"4019",2.75
"4020",3.25
"4021",3.25
"4022",3.33333333333333
"4023",NA
"4024",1
"4025",2.25
"4026",3.25
"4027",1.5
"4028",NA
"4029",NA
"4030",2
"4031",3.25
"4032",2.75
"4033",2
"4034",4
"4035",NA
"4036",3
"4037",NA
"4038",3.25
"4039",2.5
"4040",3
"4041",3.25
"4042",3.75
"4043",3
"4044",2.75
"4045",NA
"4046",NA
"4047",NA
"4048",NA
"4049",4
"4050",3
"4051",3.25
"4052",3
"4053",2
"4054",2.75
"4055",4
"4056",NA
"4057",3.5
"4058",2.5
"4059",3
"4060",2.25
"4061",3.5
"4062",2.25
"4063",2.5
"4064",NA
"4065",1.5
"4066",1.5
"4067",2
"4068",3.25
"4069",1.75
"4070",NA
"4071",NA
"4072",2.25
"4073",3
"4074",3
"4075",NA
"4076",2.5
"4077",NA
"4078",NA
"4079",1.5
"4080",2.66666666666667
"4081",NA
"4082",4
"4083",3.66666666666667
"4084",NA
"4085",2.5
"4086",3
"4087",3
"4088",2
"4089",3
"4090",4
"4091",2.5
"4092",NA
"4093",2.25
"4094",NA
"4095",4
"4096",2.75
"4097",1.75
"4098",3.5
"4099",4
"4100",NA
"4101",2.75
"4102",3.5
"4103",NA
"4104",NA
"4105",NA
"4106",4
"4107",2.33333333333333
"4108",3.25
"4109",NA
"4110",NA
"4111",3.25
"4112",3
"4113",2
"4114",3
"4115",NA
"4116",2.25
"4117",2.75
"4118",2.5
"4119",3
"4120",4
"4121",2
"4122",3.25
"4123",3
"4124",NA
"4125",4
"4126",NA
"4127",NA
"4128",NA
"4129",2.25
"4130",2.5
"4131",2.5
"4132",2
"4133",NA
"4134",NA
"4135",2.66666666666667
"4136",NA
"4137",1.75
"4138",NA
"4139",2.33333333333333
"4140",2.75
"4141",NA
"4142",2.25
"4143",1.75
"4144",1.5
"4145",3.5
"4146",3.25
"4147",3
"4148",NA
"4149",NA
"4150",3
"4151",NA
"4152",NA
"4153",NA
"4154",3.33333333333333
"4155",3
"4156",3.5
"4157",NA
"4158",NA
"4159",3
"4160",2.75
"4161",NA
"4162",2.25
"4163",NA
"4164",3.25
"4165",1.75
"4166",NA
"4167",3
"4168",2.25
"4169",3
"4170",2.5
"4171",2.25
"4172",3
"4173",NA
"4174",2.5
"4175",1.66666666666667
"4176",3
"4177",3
"4178",4
"4179",3.5
"4180",NA
"4181",NA
"4182",2.75
"4183",3
"4184",NA
"4185",4
"4186",NA
"4187",3.75
"4188",3.5
"4189",4
"4190",NA
"4191",NA
"4192",1.5
"4193",NA
"4194",3.25
"4195",NA
"4196",NA
"4197",NA
"4198",2.75
"4199",3.75
"4200",NA
"4201",NA
"4202",NA
"4203",3
"4204",NA
"4205",NA
"4206",NA
"4207",3.25
"4208",3.75
"4209",3.5
"4210",NA
"4211",2
"4212",3.25
"4213",NA
"4214",2.25
"4215",NA
"4216",2.75
"4217",2.5
"4218",2.5
"4219",NA
"4220",3
"4221",3.25
"4222",3.33333333333333
"4223",2
"4224",2.5
"4225",2.5
"4226",2.75
"4227",NA
"4228",2.5
"4229",2.66666666666667
"4230",3
"4231",2.66666666666667
"4232",1.75
"4233",3
"4234",NA
"4235",4
"4236",2.5
"4237",NA
"4238",2
"4239",3.25
"4240",3.5
"4241",4
"4242",NA
"4243",NA
"4244",2.25
"4245",NA
"4246",2.33333333333333
"4247",3.25
"4248",2
"4249",3.5
"4250",NA
"4251",2.5
"4252",1.66666666666667
"4253",2.5
"4254",NA
"4255",2.5
"4256",2
"4257",NA
"4258",NA
"4259",2
"4260",3.25
"4261",3
"4262",2
"4263",2.5
"4264",3.5
"4265",3.75
"4266",3
"4267",NA
"4268",NA
"4269",2.75
"4270",2
"4271",2
"4272",1.5
"4273",NA
"4274",NA
"4275",3.5
"4276",3.75
"4277",2
"4278",2.75
"4279",3
"4280",4
"4281",NA
"4282",2.5
"4283",NA
"4284",NA
"4285",3.25
"4286",2.5
"4287",3.25
"4288",2.75
"4289",NA
"4290",2.66666666666667
"4291",3
"4292",NA
"4293",2.5
"4294",NA
"4295",4
"4296",1.75
"4297",NA
"4298",4
"4299",3
"4300",3.33333333333333
"4301",3.25
"4302",NA
"4303",1.5
"4304",NA
"4305",NA
"4306",3.75
"4307",2.25
"4308",NA
"4309",2.5
"4310",NA
"4311",3.75
"4312",2
"4313",2.5
"4314",NA
"4315",NA
"4316",2.75
"4317",NA
"4318",2
"4319",2.66666666666667
"4320",NA
"4321",3.25
"4322",NA
"4323",NA
"4324",3.75
"4325",2.25
"4326",3.25
"4327",3.25
"4328",1.75
"4329",NA
"4330",3.25
"4331",2
"4332",1.75
"4333",2.75
"4334",3.75
"4335",2.75
"4336",2
"4337",2
"4338",NA
"4339",3.66666666666667
"4340",NA
"4341",3.25
"4342",NA
"4343",NA
"4344",NA
"4345",NA
"4346",2.5
"4347",3.5
"4348",NA
"4349",3
"4350",3.25
"4351",3.5
"4352",NA
"4353",NA
"4354",2.5
"4355",3.25
"4356",2.75
"4357",2.5
"4358",2.25
"4359",2.25
"4360",2.75
"4361",NA
"4362",2
"4363",NA
"4364",NA
"4365",NA
"4366",2.75
"4367",2
"4368",2.75
"4369",NA
"4370",3
"4371",2
"4372",NA
"4373",NA
"4374",3.5
"4375",3.75
"4376",3.75
"4377",NA
"4378",3
"4379",2.75
"4380",3
"4381",NA
"4382",NA
"4383",3
"4384",2.25
"4385",3.75
"4386",3.25
"4387",3.25
"4388",3.25
"4389",3.5
"4390",2.75
"4391",2.5
"4392",3
"4393",NA
"4394",2.25
"4395",2.75
"4396",2.25
"4397",2.25
"4398",3.75
"4399",2.5
"4400",NA
"4401",3.75
"4402",3
"4403",3
"4404",3
"4405",2.75
"4406",3.5
"4407",3.5
"4408",NA
"4409",NA
"4410",3
"4411",3.5
"4412",NA
"4413",2.5
"4414",NA
"4415",2
"4416",NA
"4417",1.66666666666667
"4418",3
"4419",NA
"4420",3.5
"4421",NA
"4422",2.5
"4423",1.33333333333333
"4424",NA
"4425",2.75
"4426",2.5
"4427",3.75
"4428",3.75
"4429",NA
"4430",NA
"4431",3.5
"4432",3
"4433",1
"4434",NA
"4435",NA
"4436",3.75
"4437",2.75
"4438",3
"4439",NA
"4440",2.25
"4441",3.5
"4442",2.75
"4443",3
"4444",NA
"4445",3.5
"4446",3.5
"4447",2.5
"4448",NA
"4449",NA
"4450",NA
"4451",NA
"4452",NA
"4453",1.25
"4454",3.5
"4455",NA
"4456",2.75
"4457",1.75
"4458",NA
"4459",3.33333333333333
"4460",2.75
"4461",3
"4462",3.25
"4463",1
"4464",2.75
"4465",2.75
"4466",4
"4467",2.25
"4468",2.25
"4469",2.5
"4470",2.66666666666667
"4471",3
"4472",3.25
"4473",NA
"4474",2.75
"4475",3.25
"4476",NA
"4477",3.5
"4478",3.25
"4479",2.75
"4480",2.5
"4481",2.75
"4482",4
"4483",NA
"4484",2
"4485",2.75
"4486",3.25
"4487",3.25
"4488",3.5
"4489",NA
"4490",NA
"4491",3.5
"4492",NA
"4493",3.75
"4494",4
"4495",NA
"4496",3.5
"4497",3.75
"4498",3.5
"4499",NA
"4500",2.75
"4501",2.5
"4502",NA
"4503",NA
"4504",3.5
"4505",3
"4506",NA
"4507",4
"4508",3.5
"4509",1
"4510",NA
"4511",NA
"4512",NA
"4513",2.5
"4514",NA
"4515",2.5
"4516",NA
"4517",NA
"4518",2.25
"4519",1.75
"4520",NA
"4521",3
"4522",1.75
"4523",NA
"4524",3.5
"4525",4
"4526",NA
"4527",2.5
"4528",2
"4529",NA
"4530",3
"4531",NA
"4532",2.5
"4533",NA
"4534",3.5
"4535",NA
"4536",3
"4537",1
"4538",3.75
"4539",NA
"4540",NA
"4541",NA
"4542",2
"4543",2.75
"4544",2.5
"4545",3.5
"4546",3.75
"4547",NA
"4548",2.33333333333333
"4549",NA
"4550",3
"4551",3.25
"4552",3
"4553",3.5
"4554",4
"4555",2.5
"4556",NA
"4557",3.75
"4558",3.5
"4559",NA
"4560",3
"4561",2.5
"4562",NA
"4563",NA
"4564",2.33333333333333
"4565",NA
"4566",3
"4567",NA
"4568",2.75
"4569",2.75
"4570",NA
"4571",3.75
"4572",3.66666666666667
"4573",2.5
"4574",NA
"4575",NA
"4576",2
"4577",NA
"4578",NA
"4579",3.25
"4580",3.66666666666667
"4581",3.25
"4582",3
"4583",NA
"4584",NA
"4585",4
"4586",1.5
"4587",2
"4588",3
"4589",2.33333333333333
"4590",NA
"4591",3
"4592",2.25
"4593",3.75
"4594",2.25
"4595",NA
"4596",3.5
"4597",2.75
"4598",3.75
"4599",NA
"4600",3.5
"4601",2.25
"4602",3.33333333333333
"4603",2
"4604",3.5
"4605",NA
"4606",2.66666666666667
"4607",3.66666666666667
"4608",NA
"4609",2.75
"4610",3.25
"4611",2.75
"4612",3.25
"4613",1.5
"4614",1.33333333333333
"4615",3.25
"4616",1.33333333333333
"4617",NA
"4618",3
"4619",2.25
"4620",NA
"4621",3.5
"4622",2.5
"4623",2.75
"4624",3.5
"4625",3.5
"4626",2.33333333333333
"4627",3
"4628",3.25
"4629",2.5
"4630",1.5
"4631",3
"4632",NA
"4633",2
"4634",1.5
"4635",NA
"4636",2.5
"4637",3.25
"4638",3
"4639",NA
"4640",NA
"4641",2.5
"4642",NA
"4643",2.25
"4644",3.5
"4645",NA
"4646",NA
"4647",3.75
"4648",NA
"4649",NA
"4650",2
"4651",2.25
"4652",NA
"4653",3.75
"4654",2.75
"4655",3
"4656",2.33333333333333
"4657",NA
"4658",2.75
"4659",1.5
"4660",3.25
"4661",NA
"4662",NA
"4663",1.66666666666667
"4664",2.25
"4665",3
"4666",NA
"4667",NA
"4668",NA
"4669",3.5
"4670",3.5
"4671",2.5
"4672",NA
"4673",3
"4674",NA
"4675",3.75
"4676",3
"4677",NA
"4678",3.5
"4679",2.5
"4680",3.25
"4681",1.25
"4682",2.33333333333333
"4683",3
"4684",3.5
"4685",NA
"4686",NA
"4687",2.25
"4688",3.33333333333333
"4689",1.33333333333333
"4690",NA
"4691",3.5
"4692",NA
"4693",3.5
"4694",2.75
"4695",2
"4696",2.25
"4697",NA
"4698",NA
"4699",2.5
"4700",NA
"4701",NA
"4702",3
"4703",3.5
"4704",NA
"4705",2.25
"4706",2.33333333333333
"4707",3.75
"4708",1
"4709",1
"4710",3.75
"4711",3
"4712",2.25
"4713",NA
"4714",NA
"4715",2.5
"4716",3
"4717",4
"4718",NA
"4719",NA
"4720",4
"4721",3.25
"4722",3
"4723",2.75
"4724",3.25
"4725",3.5
"4726",3
"4727",NA
"4728",3.5
"4729",NA
"4730",NA
"4731",NA
"4732",4
"4733",2.5
"4734",2
"4735",NA
"4736",3.5
"4737",4
"4738",NA
"4739",3
"4740",NA
"4741",1
"4742",NA
"4743",3
"4744",3.75
"4745",3
"4746",2
"4747",NA
"4748",NA
"4749",3.75
"4750",NA
"4751",NA
"4752",1.66666666666667
"4753",NA
"4754",3
"4755",3.75
"4756",2.25
"4757",2.66666666666667
"4758",3.5
"4759",2.25
"4760",3.25
"4761",NA
"4762",3.25
"4763",2.33333333333333
"4764",NA
"4765",2.5
"4766",NA
"4767",NA
"4768",NA
"4769",2.5
"4770",2.25
"4771",2.25
"4772",3
"4773",3.5
"4774",NA
"4775",2.25
"4776",NA
"4777",NA
"4778",NA
"4779",NA
"4780",4
"4781",2.25
"4782",2.5
"4783",4
"4784",NA
"4785",3
"4786",NA
"4787",NA
"4788",NA
"4789",3.5
"4790",2.75
"4791",2.33333333333333
"4792",3.75
"4793",2.25
"4794",NA
"4795",NA
"4796",NA
"4797",2.75
"4798",2
"4799",1.75
"4800",NA
"4801",2.5
"4802",NA
"4803",3.5
"4804",NA
"4805",3.25
"4806",2.33333333333333
"4807",3.33333333333333
"4808",NA
"4809",3.75
"4810",2
"4811",NA
"4812",NA
"4813",NA
"4814",3.25
"4815",3
"4816",NA
"4817",NA
"4818",NA
"4819",2.5
"4820",4
"4821",4
"4822",NA
"4823",3.25
"4824",NA
"4825",3.5
"4826",2
"4827",2.5
"4828",2.75
"4829",NA
"4830",NA
"4831",NA
"4832",3
"4833",2.25
"4834",3
"4835",2.75
"4836",2
"4837",2.25
"4838",3.25
"4839",NA
"4840",2.5
"4841",3.5
"4842",NA
"4843",NA
"4844",3.25
"4845",3
"4846",NA
"4847",NA
"4848",3.33333333333333
"4849",2.75
"4850",NA
"4851",4
"4852",3.75
"4853",NA
"4854",2.5
"4855",3.25
"4856",4
"4857",NA
"4858",NA
"4859",2.25
"4860",3.75
"4861",2
"4862",NA
"4863",3.5
"4864",3.25
"4865",3.75
"4866",2.25
"4867",3
"4868",NA
"4869",3
"4870",3
"4871",3.25
"4872",3.75
"4873",3.66666666666667
"4874",2
"4875",NA
"4876",3.75
"4877",2.25
"4878",3.75
"4879",2
"4880",3
"4881",NA
"4882",4
"4883",NA
"4884",2.5
"4885",3.25
"4886",2.5
"4887",2.5
"4888",3.25
"4889",NA
"4890",2.5
"4891",2.25
"4892",3
"4893",3.5
"4894",2
"4895",NA
"4896",2.75
"4897",2
"4898",NA
